{"cameraMode":{"drawMode":0,"name":"Shaded","section":"Shading Mode"},"sceneLighting":false,"audioPlay":false,"sceneViewState":{"showFog":true,"showMaterialUpdate":false,"showSkybox":false,"showFlares":true,"showImageEffects":true,"showParticleSystems":true,"showVisualEffectGraphs":true,"m_FxEnabled":true},"in2DMode":false,"pivot":{"x":3.509187698364258,"y":0.10799998044967652,"z":0.02292236126959324},"rotation":{"x":0.24439850449562074,"y":-0.16199202835559846,"z":0.04144969955086708,"w":0.9551495909690857},"size":3.624664306640625,"orthographic":false}